ID,Year_Birth,Education,Marital_Status,Income,Kidhome,Teenhome,Dt_Customer,Recency,MntWines,MntFruits,MntMeatProducts,MntFishProducts,MntSweetProducts,MntGoldProds,NumDealsPurchases,NumWebPurchases,NumCatalogPurchases,NumStorePurchases,NumWebVisitsMonth,AcceptedCmp3,AcceptedCmp4,AcceptedCmp5,AcceptedCmp1,AcceptedCmp2,Complain,Response,Total_Spending,Age,Total_Campaign_Accepted,Customer_Segment,Total_Spent,Total_Purchases,Customer_Type
5324,1981,PhD,Married,58293.0,1,0,19-01-2014,94,173,43,118,46,27,15,5,5,3,6,5,0,0,0,0,0,0,0,422,43,0,Current Non-Loyal Customer,422,14,Negative
2125,1959,Graduation,Divorced,63033.0,0,0,15-11-2013,82,194,61,480,225,112,30,1,3,4,8,2,0,0,0,0,0,0,0,1102,65,0,Current Non-Loyal Customer,1102,15,Negative
8595,1973,Graduation,Widow,42429.0,0,1,11-02-2014,99,55,0,6,2,0,4,2,1,1,3,5,0,0,0,0,0,0,0,67,51,0,Current Non-Loyal Customer,67,5,Negative
7281,1959,PhD,Single,,0,0,05-11-2013,80,81,11,50,3,2,39,1,1,3,4,2,0,0,0,0,0,0,0,186,65,0,Current Non-Loyal Customer,186,8,Negative
7286,1968,Graduation,Together,41728.0,1,0,24-05-2013,92,13,6,15,3,5,13,1,2,0,2,10,0,0,0,0,0,0,0,55,56,0,Current Non-Loyal Customer,55,4,Negative
7244,1951,Graduation,Single,,2,1,01-01-2014,96,48,5,48,6,10,7,3,2,1,4,6,0,0,0,0,0,0,0,124,73,0,Current Non-Loyal Customer,124,7,Negative
1357,1970,Graduation,Together,74854.0,1,2,08-04-2013,90,856,59,487,58,29,73,7,2,5,5,5,0,0,0,0,0,0,0,1562,54,0,Current Non-Loyal Customer,1562,12,Negative
3332,1985,Graduation,Single,29760.0,1,0,29-08-2012,87,64,4,68,7,5,17,4,3,1,4,8,0,0,0,0,0,0,0,165,39,0,Current Non-Loyal Customer,165,8,Negative
771,1967,Graduation,Together,54178.0,0,1,21-01-2014,79,135,9,39,4,0,7,1,2,2,5,2,0,0,0,0,0,0,0,194,57,0,Current Non-Loyal Customer,194,9,Negative
5798,1973,Master,Together,,0,0,23-11-2013,87,445,37,359,98,28,18,1,2,4,8,1,0,0,0,0,0,0,0,985,51,0,Current Non-Loyal Customer,985,14,Negative
2230,1970,PhD,Married,23626.0,1,0,24-05-2014,84,27,2,14,0,0,0,3,3,1,3,5,0,0,0,0,0,0,0,43,54,0,Current Non-Loyal Customer,43,7,Negative
367,1978,2n Cycle,Married,36550.0,1,0,19-02-2013,74,47,90,94,123,103,120,5,9,1,5,9,0,0,0,0,0,0,0,577,46,0,Current Non-Loyal Customer,577,15,Negative
1491,1965,2n Cycle,Together,71488.0,0,0,18-02-2013,87,162,33,124,40,28,172,2,3,4,7,1,0,0,0,0,0,0,0,559,59,0,Current Non-Loyal Customer,559,14,Negative
1295,1963,Graduation,Married,,0,1,11-08-2013,96,231,65,196,38,71,124,1,6,5,7,4,0,0,0,0,0,0,0,725,61,0,Current Non-Loyal Customer,725,18,Negative
1461,1965,PhD,Divorced,36921.0,1,1,28-07-2013,74,17,1,12,3,1,4,2,2,0,3,7,0,0,0,0,0,0,0,38,59,0,Current Non-Loyal Customer,38,5,Negative
3120,1981,Graduation,Together,38547.0,1,0,28-08-2013,49,6,1,10,0,1,4,1,1,0,2,8,0,0,0,0,0,1,0,22,43,0,Current Non-Loyal Customer,22,3,Negative
5885,1973,2n Cycle,Married,35688.0,2,1,22-08-2012,94,73,3,90,12,1,32,7,4,1,4,8,0,0,0,0,0,0,0,211,51,0,Current Non-Loyal Customer,211,9,Negative
7987,1969,Graduation,Married,65747.0,0,1,07-03-2014,96,346,17,48,23,13,13,4,8,1,6,6,0,1,0,0,0,0,0,460,55,1,Potential Customer,460,15,Negative
8182,1984,Graduation,Married,23228.0,1,0,05-01-2014,91,53,3,49,7,4,5,4,3,0,4,8,0,0,0,0,0,0,0,121,40,0,Current Non-Loyal Customer,121,7,Negative
8475,1973,PhD,Married,157243.0,0,1,01-03-2014,98,20,2,1582,1,2,1,15,0,22,0,0,0,0,0,0,0,0,0,1608,51,0,Current Non-Loyal Customer,1608,22,Negative
4370,1966,Graduation,Together,43482.0,2,1,13-11-2013,83,18,1,32,6,3,28,3,2,0,4,6,0,0,0,0,0,0,0,88,58,0,Current Non-Loyal Customer,88,6,Negative
641,1967,Graduation,Single,52074.0,0,1,04-04-2014,77,59,0,12,0,0,48,1,2,2,2,4,1,0,0,0,0,0,0,119,57,1,Current Non-Loyal Customer,119,6,Negative
10854,1970,PhD,Married,38853.0,1,1,23-05-2014,90,29,0,14,0,0,2,2,2,0,3,7,0,0,0,0,0,0,0,45,54,0,Current Non-Loyal Customer,45,5,Negative
10492,1959,Graduation,Together,38285.0,2,1,24-06-2014,96,2,0,5,2,0,1,1,0,0,3,2,0,0,0,0,0,0,0,10,65,0,Current Non-Loyal Customer,10,3,Negative
7698,1976,PhD,Married,51650.0,0,1,11-05-2014,81,152,3,22,2,5,7,1,4,1,4,5,0,0,0,0,0,0,0,191,48,0,Current Non-Loyal Customer,191,9,Negative
5602,1989,PhD,Together,66973.0,0,0,17-05-2013,98,466,22,432,147,113,102,1,8,7,12,3,0,0,0,0,0,0,0,1282,35,0,Current Non-Loyal Customer,1282,27,Negative
7829,1900,2n Cycle,Divorced,36640.0,1,0,26-09-2013,99,15,6,8,7,4,25,1,2,1,2,5,0,0,0,0,0,1,0,65,124,0,Current Non-Loyal Customer,65,5,Negative
1324,1988,Graduation,Married,38872.0,1,0,30-05-2013,93,23,3,21,3,19,22,2,3,0,3,8,0,0,0,0,0,0,0,91,36,0,Current Non-Loyal Customer,91,6,Negative
6999,1980,Master,Married,69661.0,0,0,13-05-2014,80,656,16,106,32,16,8,1,7,3,12,3,0,0,0,0,0,0,0,834,44,0,Current Non-Loyal Customer,834,22,Negative
3182,1973,PhD,Single,46854.0,1,1,31-03-2014,81,96,1,79,7,1,79,6,5,1,3,8,1,0,0,0,0,0,1,263,51,1,Current Non-Loyal Customer,263,9,Negative
868,1966,Graduation,Married,44794.0,0,1,08-06-2014,99,54,0,7,0,0,4,1,2,0,3,6,0,0,0,0,0,0,0,65,58,0,Current Non-Loyal Customer,65,5,Negative
1584,1977,Graduation,Married,41443.0,1,0,01-04-2014,79,171,7,171,25,19,89,6,8,1,5,8,0,0,0,0,0,0,0,482,47,0,Current Non-Loyal Customer,482,14,Negative
1755,1988,2n Cycle,Together,45204.0,1,0,11-04-2014,93,30,11,25,29,1,18,1,1,1,4,3,0,0,0,0,0,0,0,114,36,0,Current Non-Loyal Customer,114,6,Negative
7375,1976,Graduation,Together,51369.0,0,1,25-10-2012,84,297,7,79,0,11,182,2,8,2,4,8,0,0,0,0,0,0,0,576,48,0,Current Non-Loyal Customer,576,14,Negative
3233,1965,PhD,Married,62745.0,0,1,23-03-2013,89,562,21,464,28,10,32,3,7,8,11,5,0,0,0,0,0,0,0,1117,59,0,Current Non-Loyal Customer,1117,26,Negative
9940,1958,Graduation,Together,64961.0,0,1,23-12-2012,97,382,114,276,75,124,38,2,6,4,4,3,0,0,0,0,0,0,0,1009,66,0,Current Non-Loyal Customer,1009,14,Negative
9265,1953,Graduation,Married,75027.0,0,1,09-01-2013,74,925,64,179,133,12,77,2,9,4,6,5,0,0,0,0,0,0,0,1390,71,0,Current Non-Loyal Customer,1390,19,Negative
8867,1988,PhD,Married,67546.0,0,0,31-08-2012,90,864,134,768,150,38,172,1,4,10,5,3,0,0,0,0,0,0,0,2126,36,0,Current Non-Loyal Customer,2126,19,Negative
2227,1958,2n Cycle,Together,26490.0,0,0,22-09-2012,92,45,47,52,21,20,25,2,3,1,5,6,0,0,0,0,0,0,0,210,66,0,Current Non-Loyal Customer,210,9,Negative
10992,1967,Graduation,Together,75702.0,1,1,29-08-2012,77,650,28,353,45,42,30,5,4,6,11,8,0,0,0,0,0,0,0,1148,57,0,Current Non-Loyal Customer,1148,21,Negative
3406,1964,Graduation,Single,45989.0,0,1,22-10-2012,97,138,33,87,28,24,12,4,3,2,7,3,0,0,0,0,0,0,0,322,60,0,Current Non-Loyal Customer,322,12,Negative
4200,1970,Master,Married,44159.0,1,0,17-06-2014,85,167,2,62,24,13,7,4,4,1,6,5,0,0,0,0,0,0,0,275,54,0,Current Non-Loyal Customer,275,11,Negative
5726,1983,Master,Single,31788.0,1,0,20-03-2014,15,16,7,23,0,8,6,3,3,0,4,5,0,0,0,0,0,1,0,60,41,0,Current Non-Loyal Customer,60,7,Negative
2304,1963,PhD,Together,66313.0,0,1,16-09-2013,86,625,7,99,10,22,7,2,6,3,12,4,0,0,0,0,0,0,0,770,61,0,Current Non-Loyal Customer,770,21,Negative
10144,1976,Graduation,Together,51369.0,0,1,25-10-2012,84,297,7,79,0,11,182,2,8,2,4,8,0,0,0,0,0,0,0,576,48,0,Current Non-Loyal Customer,576,14,Negative
1672,1974,PhD,Together,65640.0,0,1,01-03-2014,74,204,7,149,20,15,66,1,5,1,8,2,0,0,0,0,0,0,0,461,50,0,Current Non-Loyal Customer,461,14,Negative
8148,1956,Master,Together,50898.0,1,1,08-01-2013,88,285,28,242,55,114,135,13,6,2,12,5,0,0,0,0,0,0,0,859,68,0,Current Non-Loyal Customer,859,20,Negative
7254,1969,Graduation,Together,38361.0,1,0,27-12-2013,74,39,0,56,20,8,14,3,3,1,3,7,0,0,0,0,0,0,0,137,55,0,Current Non-Loyal Customer,137,7,Negative
10812,1978,PhD,Married,46377.0,1,0,01-03-2014,89,37,0,46,4,3,0,1,2,1,3,4,0,0,0,0,0,0,0,90,46,0,Current Non-Loyal Customer,90,6,Negative
10032,1976,Graduation,Divorced,12571.0,1,0,18-01-2014,86,3,5,14,2,12,17,4,3,1,3,6,0,0,0,0,0,0,0,53,48,0,Current Non-Loyal Customer,53,7,Negative
2607,1953,Graduation,Single,40464.0,0,1,11-01-2013,78,424,17,118,7,23,41,6,8,2,8,8,0,0,0,0,0,0,0,630,71,0,Current Non-Loyal Customer,630,18,Negative
10675,1956,PhD,Married,66334.0,0,1,03-04-2013,82,909,11,218,0,0,23,2,9,3,5,5,0,0,0,0,0,0,1,1161,68,0,Current Non-Loyal Customer,1161,17,Negative
10172,1988,Graduation,Single,68655.0,0,0,10-08-2012,95,456,19,832,75,118,38,1,4,5,11,3,0,0,0,0,0,0,0,1538,36,0,Current Non-Loyal Customer,1538,20,Negative
2579,1957,Graduation,Married,71113.0,0,1,17-12-2013,95,495,33,255,11,33,8,4,6,7,9,4,0,0,0,0,0,0,0,835,67,0,Current Non-Loyal Customer,835,22,Negative
6201,1978,Graduation,Single,38643.0,1,1,29-11-2013,45,22,2,14,0,1,10,2,2,0,3,7,0,0,0,0,0,1,0,49,46,0,Current Non-Loyal Customer,49,5,Negative
6142,1943,Master,Married,65073.0,0,0,20-08-2013,65,629,17,177,69,0,8,1,5,3,5,2,0,0,0,0,0,1,0,900,81,0,Current Non-Loyal Customer,900,13,Negative
10703,1975,Master,Single,46098.0,1,1,18-08-2012,86,57,0,27,0,0,36,4,3,2,2,8,0,0,0,0,0,0,0,120,49,0,Current Non-Loyal Customer,120,7,Negative
3310,1973,2n Cycle,Married,35688.0,2,1,22-08-2012,94,73,3,90,12,1,32,7,4,1,4,8,0,0,0,0,0,0,0,211,51,0,Current Non-Loyal Customer,211,9,Negative
6202,1960,Graduation,Together,63381.0,0,1,05-10-2012,78,571,50,142,33,50,159,4,4,5,13,2,0,0,0,0,0,0,0,1005,64,0,Current Non-Loyal Customer,1005,22,Negative
455,1946,PhD,Married,51012.0,0,0,18-04-2013,86,102,9,63,2,9,24,1,4,1,4,6,0,0,0,0,0,0,0,209,78,0,Current Non-Loyal Customer,209,9,Negative
7683,1968,Master,Married,70777.0,0,1,25-02-2014,80,554,35,113,0,7,78,3,5,3,12,3,0,0,0,0,0,0,0,787,56,0,Current Non-Loyal Customer,787,20,Negative
7617,1974,Graduation,Single,42373.0,1,1,15-08-2013,83,67,5,61,3,8,19,5,2,1,5,5,0,0,0,0,0,0,0,163,50,0,Current Non-Loyal Customer,163,8,Negative
7422,1987,Graduation,Single,46923.0,1,0,22-08-2012,90,85,44,54,102,78,6,3,5,1,7,7,0,0,0,0,0,0,0,369,37,0,Current Non-Loyal Customer,369,13,Negative
3523,1962,Graduation,Together,75072.0,0,1,23-01-2013,83,583,34,309,0,22,125,2,5,4,8,3,0,0,0,0,0,0,0,1073,62,0,Current Non-Loyal Customer,1073,17,Negative
238,1967,2n Cycle,Together,67309.0,1,1,23-01-2013,76,515,47,181,149,95,95,15,9,6,9,7,0,0,0,0,0,0,0,1082,57,0,Current Non-Loyal Customer,1082,24,Negative
5455,1971,PhD,Married,32011.0,1,0,22-08-2013,89,99,0,15,2,1,5,3,2,1,4,7,0,0,0,0,0,0,0,122,53,0,Current Non-Loyal Customer,122,7,Negative
5954,1972,Master,Divorced,42618.0,1,0,09-10-2013,92,76,14,74,13,5,10,2,5,0,4,8,0,0,0,0,0,0,0,192,52,0,Current Non-Loyal Customer,192,9,Negative
1142,1953,PhD,Married,55707.0,0,1,22-12-2013,91,208,7,82,30,66,35,2,3,2,9,3,0,0,0,0,0,0,0,428,71,0,Current Non-Loyal Customer,428,14,Negative
6131,1980,2n Cycle,Married,70829.0,1,1,01-12-2013,87,141,70,106,72,19,23,2,4,2,8,3,0,0,0,0,0,0,0,431,44,0,Current Non-Loyal Customer,431,14,Negative
4148,1972,Graduation,Married,38988.0,1,2,20-08-2012,90,164,24,103,12,3,42,7,5,1,6,8,0,0,0,0,0,0,0,348,52,0,Current Non-Loyal Customer,348,12,Negative
10648,1982,2n Cycle,Together,66664.0,0,0,25-09-2012,78,398,96,447,220,96,32,1,5,7,6,3,0,0,0,0,0,0,0,1289,42,0,Current Non-Loyal Customer,1289,18,Negative
2416,1969,PhD,Single,66582.0,0,0,03-03-2014,83,789,25,420,16,38,0,1,2,8,9,1,0,0,0,0,0,0,0,1288,55,0,Current Non-Loyal Customer,1288,19,Negative
9697,1951,Graduation,Married,53790.0,0,2,06-03-2014,86,335,42,127,28,5,5,3,7,2,8,6,0,0,0,0,0,0,0,542,73,0,Current Non-Loyal Customer,542,17,Negative
3916,1971,PhD,Together,49269.0,1,0,15-08-2012,92,639,8,166,11,8,58,3,7,3,12,7,0,0,0,0,0,0,0,890,53,0,Current Non-Loyal Customer,890,22,Negative
6619,1978,Graduation,Married,38415.0,1,1,02-01-2013,91,22,1,13,4,0,4,2,1,0,3,7,0,0,0,0,0,0,0,44,46,0,Current Non-Loyal Customer,44,4,Negative
8970,1972,PhD,Married,62010.0,0,1,23-10-2012,93,371,22,39,6,0,92,4,6,2,7,5,0,0,0,0,0,0,0,530,52,0,Current Non-Loyal Customer,530,15,Negative
9286,1960,Master,Together,83151.0,0,0,10-10-2012,93,407,28,100,120,74,18,1,5,9,4,3,0,0,0,0,0,0,0,747,64,0,Current Non-Loyal Customer,747,18,Negative
5562,1974,Graduation,Married,60093.0,0,1,26-06-2013,92,502,12,109,16,6,90,2,7,2,10,6,0,0,0,0,0,0,0,735,50,0,Current Non-Loyal Customer,735,19,Negative
3921,1952,2n Cycle,Widow,28457.0,0,0,28-10-2012,96,24,1,108,29,29,14,1,4,1,4,8,0,0,0,0,0,0,0,205,72,0,Current Non-Loyal Customer,205,9,Negative
22,1976,Graduation,Divorced,46310.0,1,0,03-12-2012,99,185,2,88,15,5,14,2,6,1,5,8,0,0,0,0,0,0,0,309,48,0,Current Non-Loyal Customer,309,12,Negative
9426,1964,Master,Single,58308.0,0,1,12-01-2013,77,691,0,69,10,0,130,4,2,6,3,8,0,0,0,0,0,0,0,900,60,0,Current Non-Loyal Customer,900,11,Negative
3136,1962,Master,Divorced,59432.0,0,1,13-04-2013,88,317,25,265,25,19,12,3,5,3,11,5,0,0,0,0,0,0,0,663,62,0,Current Non-Loyal Customer,663,19,Negative
11088,1971,PhD,Together,78642.0,0,1,21-04-2013,83,1396,0,322,46,35,17,1,4,9,4,6,0,0,0,0,0,0,0,1816,53,0,Current Non-Loyal Customer,1816,17,Negative
10584,1976,Graduation,Married,65665.0,0,1,02-12-2013,77,225,162,387,106,36,29,1,5,10,8,3,0,0,0,0,0,0,0,945,48,0,Current Non-Loyal Customer,945,23,Negative
6071,1989,Graduation,Single,81217.0,0,0,19-07-2013,77,493,70,324,146,40,84,1,3,7,11,1,0,0,0,0,0,0,0,1157,35,0,Current Non-Loyal Customer,1157,21,Negative
9925,1981,PhD,Together,39665.0,1,0,25-05-2013,97,127,1,56,0,1,31,3,4,2,3,7,1,0,0,0,0,0,0,216,43,1,Current Non-Loyal Customer,216,9,Negative
5389,1964,Graduation,Married,48920.0,0,2,20-10-2013,93,238,17,68,8,10,6,3,6,2,5,7,0,1,0,0,0,0,0,347,60,1,Current Non-Loyal Customer,347,13,Negative
702,1975,2n Cycle,Widow,47682.0,0,1,15-02-2013,80,162,61,83,97,57,61,4,4,3,8,5,0,0,0,0,0,0,0,521,49,0,Current Non-Loyal Customer,521,15,Negative
4279,1963,2n Cycle,Single,39548.0,1,1,31-03-2014,87,15,4,10,3,4,18,2,1,1,3,3,0,0,0,0,0,0,0,54,61,0,Current Non-Loyal Customer,54,5,Negative
9460,1963,Graduation,Married,22419.0,0,0,18-04-2013,74,30,3,47,19,21,42,1,3,2,2,8,0,0,0,0,0,0,0,162,61,0,Current Non-Loyal Customer,162,7,Negative
3179,1980,Graduation,Single,81741.0,0,0,16-06-2013,75,249,153,940,58,134,38,0,6,6,7,2,0,0,0,0,0,0,0,1572,44,0,Current Non-Loyal Customer,1572,19,Negative
9120,1962,Graduation,Single,66565.0,0,1,05-12-2012,80,747,10,161,65,40,42,4,4,2,9,8,0,0,0,0,0,0,0,1065,62,0,Current Non-Loyal Customer,1065,15,Negative
5253,1956,Master,Together,54603.0,1,1,09-07-2013,85,145,13,46,17,2,4,6,4,2,4,7,0,0,0,0,0,0,0,227,68,0,Current Non-Loyal Customer,227,10,Negative
5057,1961,Master,Married,61794.0,0,1,14-09-2013,74,264,47,188,54,47,11,2,4,4,10,2,0,0,0,0,0,0,0,611,63,0,Current Non-Loyal Customer,611,18,Negative
3710,1984,PhD,Single,39684.0,1,0,12-10-2012,41,19,0,35,6,4,17,2,2,1,2,7,0,0,0,0,0,1,1,81,40,0,Current Non-Loyal Customer,81,5,Negative
4501,1965,Master,Single,69882.0,0,0,10-11-2013,94,292,127,635,132,127,165,1,3,7,9,1,0,0,0,0,0,0,0,1478,59,0,Current Non-Loyal Customer,1478,19,Negative
2453,1960,Graduation,Together,62807.0,0,1,31-08-2012,83,526,28,135,10,21,99,3,5,3,12,5,0,0,0,0,0,0,0,819,64,0,Current Non-Loyal Customer,819,20,Negative
7972,1955,Graduation,Single,72906.0,0,0,17-09-2013,79,400,32,519,71,75,54,1,3,4,9,1,0,0,0,0,0,0,0,1151,69,0,Current Non-Loyal Customer,1151,16,Negative
1177,1966,Master,Together,49618.0,1,1,26-01-2013,77,80,3,26,4,2,14,4,3,1,3,7,0,0,0,0,0,0,0,129,58,0,Current Non-Loyal Customer,129,7,Negative
7232,1973,Graduation,Widow,42429.0,0,1,11-02-2014,99,55,0,6,2,0,4,2,1,1,3,5,0,0,0,0,0,0,0,67,51,0,Current Non-Loyal Customer,67,5,Negative
7930,1969,Master,Single,26877.0,0,0,19-08-2013,74,101,13,76,20,18,40,2,3,1,6,6,0,0,0,0,0,0,0,268,55,0,Current Non-Loyal Customer,268,10,Negative
4587,1944,Master,Widow,45006.0,0,0,18-07-2013,90,162,25,53,16,0,10,1,3,1,7,3,0,0,0,0,0,0,0,266,80,0,Current Non-Loyal Customer,266,11,Negative
3083,1974,Graduation,Married,45837.0,1,1,26-07-2013,88,215,13,87,17,17,24,5,6,2,5,7,0,0,0,0,0,0,0,373,50,0,Current Non-Loyal Customer,373,13,Negative
8953,1965,Master,Single,35791.0,2,1,06-05-2013,94,27,0,5,0,0,3,2,1,0,3,8,0,0,0,0,0,0,0,35,59,0,Current Non-Loyal Customer,35,4,Negative
5063,1977,Graduation,Single,28769.0,1,0,18-12-2012,76,41,5,129,10,3,3,3,4,1,4,9,0,0,0,0,0,0,0,191,47,0,Current Non-Loyal Customer,191,9,Negative
3856,1960,Graduation,Together,63381.0,0,1,05-10-2012,78,571,50,142,33,50,159,4,4,5,13,2,0,0,0,0,0,0,0,1005,64,0,Current Non-Loyal Customer,1005,22,Negative
5555,1975,Graduation,Divorced,153924.0,0,0,07-02-2014,81,1,1,1,1,1,1,0,0,0,0,0,0,0,0,0,0,0,0,6,49,0,Current Non-Loyal Customer,6,0,Negative
2564,1953,Graduation,Together,61278.0,0,1,04-01-2014,87,111,3,28,2,6,15,2,3,1,4,6,0,0,0,0,0,0,0,165,71,0,Current Non-Loyal Customer,165,8,Negative
946,1958,2n Cycle,Together,26490.0,0,0,22-09-2012,92,45,47,52,21,20,25,2,3,1,5,6,0,0,0,0,0,0,0,210,66,0,Current Non-Loyal Customer,210,9,Negative
6940,1966,PhD,Single,46734.0,1,2,21-10-2013,86,100,1,39,6,1,76,4,3,2,3,6,1,0,0,0,0,0,0,223,58,1,Current Non-Loyal Customer,223,8,Negative
55,1963,Graduation,Together,56253.0,0,1,07-12-2012,83,509,0,65,7,11,5,4,7,2,9,6,0,0,0,0,0,0,0,597,61,0,Current Non-Loyal Customer,597,18,Negative
5084,1975,Graduation,Widow,58330.0,0,1,25-12-2013,87,445,53,213,104,98,151,1,6,4,13,4,0,0,0,0,0,0,0,1064,49,0,Current Non-Loyal Customer,1064,23,Negative
7426,1971,2n Cycle,Married,54690.0,1,1,07-11-2013,76,111,16,37,7,9,18,3,3,1,5,3,0,0,0,0,0,0,0,198,53,0,Current Non-Loyal Customer,198,9,Negative
9153,1964,PhD,Married,59304.0,0,1,29-07-2013,81,418,61,428,80,51,10,3,7,8,10,5,0,0,0,0,0,0,0,1048,60,0,Current Non-Loyal Customer,1048,25,Negative
10379,1962,Master,Single,59247.0,0,2,08-11-2013,87,327,9,122,19,14,83,5,5,2,9,6,0,0,0,0,0,0,0,574,62,0,Current Non-Loyal Customer,574,16,Negative
9937,1979,Graduation,Single,70337.0,0,0,02-01-2014,75,187,81,149,25,43,91,1,2,2,12,1,0,0,0,0,0,0,0,576,45,0,Current Non-Loyal Customer,576,16,Negative
4910,1967,Graduation,Divorced,68743.0,0,0,30-08-2012,81,1132,134,384,175,134,115,1,11,5,13,7,0,0,0,0,0,0,0,2074,57,0,Current Non-Loyal Customer,2074,29,Negative
10120,1955,Graduation,Together,38946.0,0,1,24-10-2013,84,116,6,82,6,6,41,2,3,1,6,5,0,0,0,0,0,0,0,257,69,0,Current Non-Loyal Customer,257,10,Negative
6327,1967,Graduation,Together,65777.0,0,0,19-12-2013,87,565,32,435,28,32,54,1,2,8,6,1,0,0,0,0,0,0,0,1146,57,0,Current Non-Loyal Customer,1146,16,Negative
10142,1976,PhD,Divorced,66476.0,0,1,07-03-2013,99,372,18,126,47,48,78,2,5,2,11,4,0,0,0,0,0,0,0,689,48,0,Current Non-Loyal Customer,689,18,Negative
9826,1972,PhD,Single,86857.0,0,0,12-09-2012,96,899,102,838,133,102,40,1,5,6,10,2,0,0,0,0,0,0,1,2114,52,0,Current Non-Loyal Customer,2114,21,Negative
450,1958,Master,Together,42315.0,0,1,12-07-2013,90,67,15,80,17,11,80,3,1,4,4,3,0,0,0,0,0,0,0,270,66,0,Current Non-Loyal Customer,270,9,Negative
9239,1961,Master,Married,61923.0,0,2,26-07-2013,94,92,4,18,3,3,6,1,2,1,4,3,0,0,0,0,0,0,0,126,63,0,Current Non-Loyal Customer,126,7,Negative
9977,1973,Graduation,Divorced,78901.0,0,1,17-09-2013,99,321,11,309,33,26,34,3,9,3,5,4,0,0,0,0,0,0,0,734,51,0,Current Non-Loyal Customer,734,17,Negative
6991,1951,Graduation,Divorced,43185.0,0,1,10-04-2013,88,537,6,42,16,6,30,2,9,3,6,8,0,0,0,0,0,0,0,637,73,0,Current Non-Loyal Customer,637,18,Negative
6969,1982,Graduation,Together,50272.0,1,0,07-08-2013,75,99,13,66,43,8,4,3,4,1,5,7,0,0,0,0,0,0,0,233,42,0,Current Non-Loyal Customer,233,10,Negative
10159,1970,Graduation,Divorced,58710.0,0,1,31-03-2013,77,440,81,368,0,122,174,6,11,5,9,6,0,0,0,0,0,0,0,1185,54,0,Current Non-Loyal Customer,1185,25,Negative
4990,1954,Graduation,Married,59111.0,0,0,02-05-2013,90,524,0,134,28,28,155,1,11,1,8,7,0,0,0,0,0,0,0,869,70,0,Current Non-Loyal Customer,869,20,Negative
10936,1965,Graduation,Married,72190.0,0,0,13-02-2013,79,597,166,597,172,166,249,1,5,6,4,3,0,0,0,0,0,0,0,1947,59,0,Current Non-Loyal Customer,1947,15,Negative
7212,1966,Graduation,Married,44794.0,0,1,08-06-2014,99,54,0,7,0,0,4,1,2,0,3,6,0,0,0,0,0,0,0,65,58,0,Current Non-Loyal Customer,65,5,Negative
5956,1948,PhD,Divorced,45072.0,1,2,16-10-2013,74,144,2,99,7,2,30,5,6,1,4,8,0,0,0,0,0,0,0,284,76,0,Current Non-Loyal Customer,284,11,Negative
5237,1950,PhD,Single,48767.0,1,2,01-01-2014,79,28,1,21,3,0,10,3,2,1,3,5,0,0,0,0,0,0,0,63,74,0,Current Non-Loyal Customer,63,6,Negative
6974,1972,PhD,Together,83443.0,0,0,31-12-2013,89,518,42,742,55,56,84,1,6,10,5,2,0,0,0,0,0,0,0,1497,52,0,Current Non-Loyal Customer,1497,21,Negative
7938,1958,PhD,Together,51518.0,0,1,03-10-2013,92,350,8,66,17,4,4,2,3,2,10,3,0,0,0,0,0,0,0,449,66,0,Current Non-Loyal Customer,449,15,Negative
7094,1975,Graduation,Widow,58330.0,0,1,25-12-2013,87,445,53,213,104,98,151,1,6,4,13,4,0,0,0,0,0,0,0,1064,49,0,Current Non-Loyal Customer,1064,23,Negative
6488,1959,PhD,Married,38829.0,0,1,06-04-2014,86,76,0,7,0,0,16,1,3,2,2,5,0,0,0,0,0,0,0,99,65,0,Current Non-Loyal Customer,99,7,Negative
4508,1952,Graduation,Single,75127.0,0,0,22-05-2014,92,203,35,305,46,17,227,1,2,11,5,1,0,0,0,0,0,0,0,833,72,0,Current Non-Loyal Customer,833,18,Negative
221,1955,Graduation,Married,48726.0,0,1,27-04-2013,90,138,3,38,4,0,59,3,3,2,4,6,0,0,0,0,0,0,0,242,69,0,Current Non-Loyal Customer,242,9,Negative
20,1965,2n Cycle,Married,46891.0,0,1,01-09-2013,91,43,12,23,29,15,61,1,2,1,4,4,0,0,0,0,0,0,0,183,59,0,Current Non-Loyal Customer,183,7,Negative
6825,1953,Graduation,Together,41452.0,1,1,06-03-2013,86,13,0,3,0,0,0,1,1,0,2,7,0,0,0,0,0,0,0,16,71,0,Current Non-Loyal Customer,16,3,Negative
4964,1958,PhD,Together,74250.0,0,0,26-01-2014,90,680,11,392,75,0,0,1,2,11,4,1,0,0,0,0,0,0,0,1158,66,0,Current Non-Loyal Customer,1158,17,Negative
2461,1955,Master,Single,51124.0,1,1,18-12-2013,79,26,1,11,0,1,4,2,1,0,3,3,0,0,0,0,0,0,0,43,69,0,Current Non-Loyal Customer,43,4,Negative
3194,1974,PhD,Single,71466.0,0,0,05-04-2014,86,412,12,546,78,182,0,1,4,4,10,1,0,0,0,0,0,0,0,1230,50,0,Current Non-Loyal Customer,1230,18,Negative
1135,1960,Master,Together,17144.0,1,1,15-02-2014,96,18,2,19,0,2,6,5,3,0,4,7,0,0,0,0,0,0,0,47,64,0,Current Non-Loyal Customer,47,7,Negative
6722,1954,PhD,Married,70421.0,0,1,28-06-2014,98,479,28,136,75,14,35,3,10,3,7,6,0,0,0,0,0,0,0,767,70,0,Current Non-Loyal Customer,767,20,Negative
310,1970,Master,Married,61872.0,0,1,13-12-2013,81,330,5,159,36,27,16,4,4,4,9,4,0,0,0,0,0,0,0,573,54,0,Current Non-Loyal Customer,573,17,Negative
7326,1971,Master,Married,56850.0,0,1,23-03-2014,83,34,1,19,2,7,0,1,1,1,3,2,0,0,0,0,0,0,0,63,53,0,Current Non-Loyal Customer,63,5,Negative
3855,1963,Graduation,Married,22419.0,0,0,18-04-2013,74,30,3,47,19,21,42,1,3,2,2,8,0,0,0,0,0,0,0,162,61,0,Current Non-Loyal Customer,162,7,Negative
6768,1962,Graduation,Divorced,37859.0,1,2,12-01-2013,75,22,1,8,2,1,2,2,1,0,3,8,0,0,0,0,0,0,0,36,62,0,Current Non-Loyal Customer,36,4,Negative
2150,1958,PhD,Widow,80995.0,0,1,11-05-2013,83,860,28,409,73,56,56,1,8,9,4,4,0,0,0,0,0,0,0,1482,66,0,Current Non-Loyal Customer,1482,21,Negative
8560,1992,Graduation,Single,48789.0,0,0,10-09-2012,94,351,16,156,7,5,145,1,6,4,7,6,0,0,0,0,0,0,0,680,32,0,Current Non-Loyal Customer,680,17,Negative
10402,1967,Graduation,Married,35441.0,1,1,14-02-2013,94,25,1,9,2,1,1,2,1,0,3,8,0,0,0,0,0,0,0,39,57,0,Current Non-Loyal Customer,39,4,Negative
5687,1980,Graduation,Divorced,81702.0,0,0,23-09-2012,98,563,50,774,28,31,187,1,7,7,12,3,0,0,0,0,0,0,0,1633,44,0,Current Non-Loyal Customer,1633,26,Negative
11121,1981,Graduation,Married,19419.0,1,0,10-11-2012,76,2,14,28,16,3,7,4,4,0,3,9,0,0,0,0,0,0,0,70,43,0,Current Non-Loyal Customer,70,7,Negative
2895,1963,Graduation,Single,49980.0,0,1,23-10-2013,79,104,1,54,13,9,14,2,3,1,5,5,0,0,0,0,0,0,0,195,61,0,Current Non-Loyal Customer,195,9,Negative
10262,1980,Graduation,Married,15072.0,2,0,10-05-2013,96,8,2,15,0,10,18,4,3,1,3,5,0,0,0,0,0,0,0,53,44,0,Current Non-Loyal Customer,53,7,Negative
4271,1989,2n Cycle,Together,38683.0,1,0,04-10-2012,80,46,35,69,84,41,66,6,4,1,6,7,0,0,0,0,0,0,0,341,35,0,Current Non-Loyal Customer,341,11,Negative
3270,1978,2n Cycle,Together,17117.0,1,0,17-01-2013,96,12,23,38,30,18,7,4,3,1,3,9,0,0,0,0,0,0,0,128,46,0,Current Non-Loyal Customer,128,7,Negative
8916,1975,Graduation,Divorced,36627.0,2,0,23-07-2013,78,9,1,5,0,0,1,1,0,0,3,5,0,0,0,0,0,0,0,16,49,0,Current Non-Loyal Customer,16,3,Negative
8017,1981,2n Cycle,Married,51111.0,1,1,19-06-2014,83,22,0,19,6,5,3,2,2,0,3,6,0,0,0,0,0,0,0,55,43,0,Current Non-Loyal Customer,55,5,Negative
5830,1972,PhD,Single,86857.0,0,0,12-09-2012,96,899,102,838,133,102,40,1,5,6,10,2,0,0,0,0,0,0,1,2114,52,0,Current Non-Loyal Customer,2114,21,Negative
7023,1953,PhD,Single,46231.0,2,1,26-11-2012,87,189,2,55,0,5,12,4,6,1,4,9,0,0,0,0,0,0,0,263,71,0,Current Non-Loyal Customer,263,11,Negative
10925,1983,Graduation,Married,76630.0,0,0,14-01-2014,93,255,31,446,40,56,175,1,3,10,11,1,0,0,0,0,0,0,0,1003,41,0,Current Non-Loyal Customer,1003,24,Negative
9224,1972,PhD,Single,55260.0,0,1,12-12-2012,81,825,8,53,11,0,242,2,8,10,5,6,0,0,0,0,0,0,0,1139,52,0,Current Non-Loyal Customer,1139,23,Negative
5046,1958,Graduation,Divorced,78331.0,0,1,23-01-2014,97,756,138,354,160,169,61,2,10,6,7,4,0,0,0,0,0,0,0,1638,66,0,Current Non-Loyal Customer,1638,23,Negative
11074,1977,Graduation,Single,85072.0,0,0,09-04-2014,94,494,92,391,194,11,241,1,3,4,10,0,0,0,0,0,0,0,0,1423,47,0,Current Non-Loyal Customer,1423,17,Negative
6534,1974,Graduation,Together,47889.0,1,0,04-01-2014,94,29,0,29,0,5,4,1,2,0,3,5,0,0,0,0,0,0,0,67,50,0,Current Non-Loyal Customer,67,5,Negative
7053,1966,PhD,Single,78420.0,0,0,29-06-2013,75,604,28,674,91,28,28,1,3,10,8,1,0,0,0,0,0,0,0,1453,58,0,Current Non-Loyal Customer,1453,21,Negative
10505,1960,Master,Together,73113.0,0,0,26-12-2013,86,741,19,154,50,9,28,1,3,4,7,2,0,0,0,0,0,0,0,1001,64,0,Current Non-Loyal Customer,1001,14,Negative
5871,1979,Master,Together,24401.0,0,0,31-08-2012,98,73,28,217,10,24,115,3,6,1,6,8,0,0,0,0,0,0,0,467,45,0,Current Non-Loyal Customer,467,13,Negative
538,1989,Graduation,Single,46107.0,1,0,10-02-2014,78,31,9,27,16,9,33,1,1,1,4,3,0,0,0,0,0,0,0,125,35,0,Current Non-Loyal Customer,125,6,Negative
4843,1952,Graduation,Single,75127.0,0,0,22-05-2014,92,203,35,305,46,17,227,1,2,11,5,1,0,0,0,0,0,0,0,833,72,0,Current Non-Loyal Customer,833,18,Negative
8405,1979,Graduation,Divorced,68274.0,1,1,30-09-2013,83,135,25,51,23,25,46,2,4,2,5,3,0,0,0,0,0,0,0,305,45,0,Current Non-Loyal Customer,305,11,Negative
6515,1977,Graduation,Together,39771.0,1,0,06-12-2013,92,6,2,18,2,8,14,1,2,0,3,4,0,0,0,0,0,0,0,50,47,0,Current Non-Loyal Customer,50,5,Negative
8146,1976,Master,Together,46106.0,1,1,11-05-2014,84,30,0,8,2,0,14,1,1,1,2,6,0,0,0,0,0,0,0,54,48,0,Current Non-Loyal Customer,54,4,Negative
5748,1965,Graduation,Married,59754.0,0,1,01-12-2012,96,115,27,44,4,146,139,3,5,2,6,5,0,0,0,0,0,0,1,475,59,0,Current Non-Loyal Customer,475,13,Negative
2134,1952,Graduation,Single,53700.0,0,1,17-08-2012,94,263,5,233,69,41,83,4,5,5,8,5,0,0,0,0,0,0,0,694,72,0,Current Non-Loyal Customer,694,18,Negative
2456,1975,PhD,Married,40233.0,0,1,14-10-2013,84,80,4,46,0,17,2,5,2,1,5,6,0,0,0,0,0,0,0,149,49,0,Current Non-Loyal Customer,149,8,Negative
7801,1959,Graduation,Together,54753.0,0,1,12-09-2013,87,197,107,227,7,59,131,3,5,2,11,4,0,0,0,0,0,0,0,728,65,0,Current Non-Loyal Customer,728,18,Negative
10995,1988,2n Cycle,Married,15716.0,1,0,12-11-2012,8,16,5,30,8,7,26,3,3,0,4,8,0,0,0,0,0,1,0,92,36,0,Current Non-Loyal Customer,92,7,Negative
9209,1971,Master,Together,80573.0,0,0,14-10-2012,85,829,138,430,60,92,15,1,4,6,13,2,0,0,0,0,0,0,0,1564,53,0,Current Non-Loyal Customer,1564,23,Negative
8952,1953,Master,Married,65569.0,0,1,05-11-2012,96,397,46,288,20,38,70,2,6,5,10,3,0,0,0,0,0,0,0,859,71,0,Current Non-Loyal Customer,859,21,Negative
5287,1973,Graduation,Married,34961.0,1,0,19-06-2014,77,45,2,26,4,1,1,3,3,1,3,7,0,0,0,0,0,0,0,79,51,0,Current Non-Loyal Customer,79,7,Negative
6059,1953,PhD,Together,64504.0,1,2,04-03-2013,81,986,36,168,16,0,108,7,11,3,4,7,0,0,0,0,0,0,1,1314,71,0,Current Non-Loyal Customer,1314,18,Negative
5863,1953,Graduation,Married,47703.0,0,1,29-05-2013,95,359,0,134,13,26,123,4,6,3,8,5,0,0,0,0,0,0,0,655,71,0,Current Non-Loyal Customer,655,17,Negative
6730,1954,Graduation,Married,38998.0,1,1,03-11-2012,92,34,1,14,0,0,5,3,2,0,3,8,0,0,0,0,0,1,0,54,70,0,Current Non-Loyal Customer,54,5,Negative
4475,1949,PhD,Married,69098.0,0,0,16-02-2013,82,1315,22,780,145,0,178,1,7,8,9,5,0,0,0,0,0,0,0,2440,75,0,Current Non-Loyal Customer,2440,24,Negative
3846,1974,Graduation,Married,42557.0,0,1,29-08-2012,98,192,5,53,0,5,15,4,6,1,4,8,0,0,0,0,0,0,0,270,50,0,Current Non-Loyal Customer,270,11,Negative
4507,1952,Graduation,Single,72228.0,0,0,27-11-2012,87,631,28,491,30,14,56,1,6,7,8,3,0,0,0,0,0,0,0,1250,72,0,Current Non-Loyal Customer,1250,21,Negative
11013,1987,Graduation,Together,67605.0,0,0,31-03-2013,84,336,28,282,184,54,54,1,2,8,6,1,0,0,0,0,0,0,0,938,37,0,Current Non-Loyal Customer,938,16,Negative
2875,1978,Graduation,Married,67023.0,0,0,04-03-2014,93,444,44,382,11,8,17,1,3,7,13,2,0,0,0,0,0,1,0,906,46,0,Current Non-Loyal Customer,906,23,Negative
3807,1955,Graduation,Together,59925.0,0,1,30-11-2012,83,473,21,176,19,21,56,3,9,2,9,6,0,0,0,0,0,0,0,766,69,0,Current Non-Loyal Customer,766,20,Negative
9197,1953,Graduation,Married,39722.0,0,1,24-02-2014,92,32,0,5,2,0,8,2,2,0,3,5,0,0,0,0,0,0,0,47,71,0,Current Non-Loyal Customer,47,5,Negative
9523,1982,Graduation,Together,40479.0,1,0,17-08-2013,95,5,0,8,2,0,0,1,0,0,3,4,0,0,0,0,0,0,0,15,42,0,Current Non-Loyal Customer,15,3,Negative
5577,1983,Graduation,Together,43776.0,1,0,03-05-2014,77,8,0,9,2,1,3,1,1,0,2,6,0,0,0,0,0,0,0,23,41,0,Current Non-Loyal Customer,23,3,Negative
1833,1974,PhD,Single,39190.0,1,0,26-04-2014,91,68,8,18,19,8,12,2,2,1,4,5,0,0,0,0,0,0,0,133,50,0,Current Non-Loyal Customer,133,7,Negative
1545,1986,Graduation,Married,38508.0,1,0,02-08-2013,95,120,19,206,25,19,54,6,7,2,5,8,0,0,0,0,0,0,0,443,38,0,Current Non-Loyal Customer,443,14,Negative
375,1954,Graduation,Divorced,76773.0,0,0,25-02-2013,79,516,56,449,86,33,16,1,2,2,11,1,0,0,0,0,0,0,0,1156,70,0,Current Non-Loyal Customer,1156,15,Negative
10022,1973,PhD,Single,54466.0,1,1,09-02-2014,78,12,0,4,0,0,0,1,1,0,2,5,0,0,0,0,0,0,0,16,51,0,Current Non-Loyal Customer,16,3,Negative
2320,1978,2n Cycle,Married,47025.0,0,1,12-09-2013,98,508,11,59,23,5,29,5,11,1,6,9,0,0,0,0,0,0,0,635,46,0,Current Non-Loyal Customer,635,18,Negative
6749,1966,Graduation,Single,86358.0,1,1,08-08-2012,78,957,47,494,82,47,95,4,5,3,6,8,0,0,0,0,0,0,0,1722,58,0,Current Non-Loyal Customer,1722,14,Negative
1010,1977,Graduation,Together,46931.0,2,1,24-04-2014,94,41,0,17,3,1,16,2,1,1,3,3,0,0,0,0,0,0,0,78,47,0,Current Non-Loyal Customer,78,5,Negative
7613,1974,2n Cycle,Together,49669.0,1,0,24-05-2014,97,166,5,107,11,8,29,2,5,1,6,6,0,0,0,0,0,0,0,326,50,0,Current Non-Loyal Customer,326,12,Negative
8015,1962,PhD,Divorced,85696.0,0,0,03-05-2013,88,714,76,395,116,0,12,1,4,6,9,1,0,0,0,0,0,0,1,1313,62,0,Current Non-Loyal Customer,1313,19,Negative
11166,1961,Graduation,Married,49678.0,0,1,02-02-2013,81,229,5,56,3,2,20,2,6,2,4,7,0,0,0,0,0,0,0,315,63,0,Current Non-Loyal Customer,315,12,Negative
819,1945,Graduation,Widow,63285.0,0,0,05-11-2013,84,508,124,249,50,38,134,1,6,5,13,3,0,0,0,0,0,0,0,1103,79,0,Current Non-Loyal Customer,1103,24,Negative
7755,1954,PhD,Married,57744.0,0,1,12-11-2013,91,350,3,39,0,0,19,2,9,1,4,8,0,0,0,0,0,0,0,411,70,0,Current Non-Loyal Customer,411,14,Negative
8310,1964,Graduation,Together,68142.0,0,1,29-08-2012,96,897,126,196,91,112,37,3,10,4,7,6,0,0,0,0,0,0,0,1459,60,0,Current Non-Loyal Customer,1459,21,Negative
1604,1960,Master,Married,47353.0,0,1,13-11-2013,93,184,2,19,8,8,4,3,2,2,6,5,0,0,0,0,0,0,0,225,64,0,Current Non-Loyal Customer,225,10,Negative
359,1950,Graduation,Together,48070.0,0,1,13-01-2013,33,373,14,83,6,9,19,3,8,2,6,7,0,0,0,0,0,1,0,504,74,0,Current Non-Loyal Customer,504,16,Negative
3839,1958,Basic,Single,15056.0,1,1,03-05-2013,76,6,12,3,21,6,40,5,2,2,3,5,0,0,0,0,0,0,0,88,66,0,Current Non-Loyal Customer,88,7,Negative
10466,1965,Graduation,Married,44393.0,1,1,22-08-2013,86,24,2,20,2,2,10,2,1,0,4,4,0,0,0,0,0,0,0,60,59,0,Current Non-Loyal Customer,60,5,Negative
3515,1952,Graduation,Single,62307.0,0,1,17-02-2014,94,87,13,34,10,6,10,1,4,0,4,5,0,0,0,0,0,0,0,160,72,0,Current Non-Loyal Customer,160,8,Negative
2246,1965,2n Cycle,Married,46891.0,0,1,01-09-2013,91,43,12,23,29,15,61,1,2,1,4,4,0,0,0,0,0,0,0,183,59,0,Current Non-Loyal Customer,183,7,Negative
9500,1959,Graduation,Married,58113.0,0,1,25-01-2013,66,221,104,169,102,78,84,3,9,2,8,7,0,0,0,0,0,1,0,758,65,0,Current Non-Loyal Customer,758,19,Negative
5644,1957,Graduation,Together,42213.0,0,1,12-10-2013,96,309,3,24,4,3,20,2,5,1,7,7,0,1,0,0,0,0,0,363,67,1,Current Non-Loyal Customer,363,13,Negative
7192,1955,Graduation,Together,65748.0,0,1,15-04-2013,58,172,73,93,95,78,34,2,2,4,10,1,0,0,0,0,0,1,0,545,69,0,Current Non-Loyal Customer,545,16,Negative
2740,1958,PhD,Widow,33438.0,1,1,22-09-2013,81,62,1,16,3,2,6,4,2,1,4,5,0,0,0,0,0,0,0,90,66,0,Current Non-Loyal Customer,90,7,Negative
257,1959,PhD,Married,75032.0,0,1,28-04-2013,74,952,12,180,47,12,12,2,5,4,9,3,0,0,0,0,0,0,0,1215,65,0,Current Non-Loyal Customer,1215,18,Negative
7325,1986,PhD,Together,38197.0,1,0,29-06-2013,86,23,0,11,2,1,3,1,1,0,3,5,0,0,0,0,0,0,0,40,38,0,Current Non-Loyal Customer,40,4,Negative
4174,1956,Master,Together,55249.0,0,1,17-04-2014,81,97,1,19,2,0,11,1,2,1,4,3,0,0,0,0,0,0,0,130,68,0,Current Non-Loyal Customer,130,7,Negative
1921,1967,PhD,Married,59062.0,2,1,03-10-2013,74,46,1,12,3,0,9,2,2,0,3,4,0,0,0,0,0,0,0,71,57,0,Current Non-Loyal Customer,71,5,Negative
1291,1978,PhD,Together,27683.0,1,0,04-08-2012,90,152,9,121,12,12,45,4,6,2,4,8,0,0,0,0,0,0,0,351,46,0,Current Non-Loyal Customer,351,12,Negative
803,1968,Graduation,Together,40521.0,1,1,05-04-2013,82,12,0,5,0,0,4,1,0,1,2,5,0,0,0,0,0,0,0,21,56,0,Current Non-Loyal Customer,21,3,Negative
961,1972,Graduation,Married,74716.0,0,1,12-09-2013,92,133,27,421,13,195,71,2,7,3,5,4,0,0,0,0,0,0,0,860,52,0,Current Non-Loyal Customer,860,15,Negative
10637,1964,Graduation,Married,40800.0,1,2,01-01-2013,77,24,0,27,8,30,10,2,3,0,3,7,0,0,0,0,0,1,0,99,60,0,Current Non-Loyal Customer,99,6,Negative
5043,1951,Basic,Married,26997.0,0,0,05-11-2012,89,7,23,78,133,49,144,2,4,2,5,7,0,0,0,0,0,0,0,434,73,0,Current Non-Loyal Customer,434,11,Negative
2516,1969,2n Cycle,Married,46831.0,1,1,08-06-2013,84,22,2,10,6,4,34,2,1,2,2,4,0,0,0,0,0,0,0,78,55,0,Current Non-Loyal Customer,78,5,Negative
7128,1977,PhD,Single,42997.0,1,1,07-12-2013,91,4,0,5,0,1,5,1,1,0,2,7,0,0,0,0,0,0,0,15,47,0,Current Non-Loyal Customer,15,3,Negative
8427,1956,Master,Single,64857.0,0,0,23-11-2012,78,556,14,717,210,0,43,1,7,5,10,4,0,0,0,0,0,0,0,1540,68,0,Current Non-Loyal Customer,1540,22,Negative
10260,1965,Master,Together,45143.0,0,1,26-08-2013,74,202,5,74,11,5,14,3,6,1,5,7,0,0,0,0,0,0,0,311,59,0,Current Non-Loyal Customer,311,12,Negative
8789,1989,2n Cycle,Married,59060.0,1,0,11-01-2014,77,35,40,111,36,40,12,3,3,1,7,4,0,0,0,0,0,0,0,274,35,0,Current Non-Loyal Customer,274,11,Negative
4554,1965,Graduation,Together,47009.0,0,1,01-10-2013,89,171,45,73,59,10,90,4,3,2,8,4,0,0,0,0,0,0,0,448,59,0,Current Non-Loyal Customer,448,13,Negative
10971,1977,Graduation,Single,37774.0,2,0,03-09-2012,28,173,8,107,7,2,176,4,7,2,3,9,1,0,0,0,0,1,1,473,47,1,Current Non-Loyal Customer,473,12,Negative
9386,1962,Graduation,Together,50127.0,0,1,29-05-2014,88,274,0,21,4,6,15,1,5,1,6,6,0,1,0,0,0,0,0,320,62,1,Current Non-Loyal Customer,320,12,Negative
1745,1962,PhD,Divorced,85696.0,0,0,03-05-2013,88,714,76,395,116,0,12,1,4,6,9,1,0,0,0,0,0,0,1,1313,62,0,Current Non-Loyal Customer,1313,19,Negative
10590,1956,PhD,Together,76542.0,0,0,30-03-2013,91,794,73,573,0,29,14,1,4,8,10,2,0,0,0,0,0,0,0,1483,68,0,Current Non-Loyal Customer,1483,22,Negative
1065,1963,Graduation,Single,80695.0,0,0,29-12-2013,85,557,129,984,193,37,18,1,5,8,5,2,0,0,0,0,0,0,0,1918,61,0,Current Non-Loyal Customer,1918,18,Negative
2674,1958,Master,Single,75154.0,0,1,04-09-2012,79,543,10,205,160,143,82,1,6,3,6,3,0,0,0,0,0,0,1,1143,66,0,Current Non-Loyal Customer,1143,15,Negative
3231,1973,Graduation,Married,37971.0,1,0,25-11-2013,97,5,4,10,2,2,7,1,1,0,3,8,0,0,0,0,0,0,0,30,51,0,Current Non-Loyal Customer,30,4,Negative
5948,1975,Graduation,Single,57338.0,0,1,29-04-2014,96,143,6,52,11,8,17,2,4,1,5,5,0,0,0,0,0,0,0,237,49,0,Current Non-Loyal Customer,237,10,Negative
9140,1960,2n Cycle,Together,50523.0,1,1,25-12-2013,89,51,4,24,4,7,1,2,2,0,4,6,0,0,0,0,0,0,0,91,64,0,Current Non-Loyal Customer,91,6,Negative
10258,1965,Master,Single,35791.0,2,1,06-05-2013,94,27,0,5,0,0,3,2,1,0,3,8,0,0,0,0,0,0,0,35,59,0,Current Non-Loyal Customer,35,4,Negative
7514,1956,2n Cycle,Together,54342.0,1,1,03-07-2013,74,84,10,34,11,10,28,4,3,1,4,6,0,0,0,0,0,0,0,177,68,0,Current Non-Loyal Customer,177,8,Negative
2902,1958,Graduation,Together,,1,1,03-09-2012,87,19,4,12,2,2,6,1,1,0,3,5,0,0,0,0,0,0,0,45,66,0,Current Non-Loyal Customer,45,4,Negative
8663,1974,Graduation,Divorced,39996.0,1,1,22-05-2014,85,11,0,3,0,0,1,1,1,0,2,6,0,0,0,0,0,0,0,15,50,0,Current Non-Loyal Customer,15,3,Negative
4094,1961,Graduation,Married,60544.0,1,1,25-08-2012,92,201,2,43,3,5,35,4,5,1,5,6,0,0,0,0,0,0,0,289,63,0,Current Non-Loyal Customer,289,11,Negative
361,1969,Master,Married,43142.0,1,1,18-02-2014,84,5,1,7,2,1,4,1,1,0,2,7,0,0,0,0,0,0,0,20,55,0,Current Non-Loyal Customer,20,3,Negative
6376,1979,Graduation,Single,57537.0,1,0,10-06-2013,83,191,56,139,51,8,100,4,4,3,8,4,0,0,0,0,0,0,0,545,45,0,Current Non-Loyal Customer,545,15,Negative
5229,1969,PhD,Together,54132.0,0,1,16-02-2014,81,30,1,8,0,0,3,1,1,0,3,7,0,0,0,0,0,0,0,42,55,0,Current Non-Loyal Customer,42,4,Negative
1362,1972,Graduation,Single,31907.0,0,0,04-03-2013,75,33,87,64,175,16,74,1,6,1,6,7,0,0,0,0,0,0,0,449,52,0,Current Non-Loyal Customer,449,13,Negative
8588,1961,Graduation,Married,60544.0,1,1,25-08-2012,92,201,2,43,3,5,35,4,5,1,5,6,0,0,0,0,0,0,0,289,63,0,Current Non-Loyal Customer,289,11,Negative
574,1964,Graduation,Married,42523.0,0,0,23-04-2014,96,14,36,11,3,26,35,1,1,1,4,2,0,0,0,0,0,0,0,125,60,0,Current Non-Loyal Customer,125,6,Negative
4682,1958,Graduation,Married,51876.0,0,0,15-10-2013,88,99,27,102,28,48,6,1,2,2,8,1,0,0,0,0,0,0,0,310,66,0,Current Non-Loyal Customer,310,12,Negative
8204,1971,2n Cycle,Married,78041.0,0,0,16-12-2012,93,482,35,553,72,160,17,1,4,4,9,2,0,0,0,0,0,0,0,1319,53,0,Current Non-Loyal Customer,1319,17,Negative
5975,1967,PhD,Single,40304.0,1,0,30-09-2013,82,37,0,17,0,0,3,1,2,0,3,7,0,0,0,0,0,0,0,57,57,0,Current Non-Loyal Customer,57,5,Negative
4042,1971,Graduation,Divorced,43300.0,0,1,13-10-2012,87,91,3,52,2,1,31,3,4,0,4,8,0,0,0,0,0,0,1,180,53,0,Current Non-Loyal Customer,180,8,Negative
9483,1959,Graduation,Together,57957.0,0,1,19-08-2013,24,290,59,177,77,5,29,7,4,6,8,3,0,0,0,0,0,1,0,637,65,0,Current Loyal Customer,637,18,Negative
217,1956,Master,Single,64857.0,0,0,23-11-2012,78,556,14,717,210,0,43,1,7,5,10,4,0,0,0,0,0,0,0,1540,68,0,Current Non-Loyal Customer,1540,22,Negative
7787,1960,Graduation,Together,62807.0,0,1,31-08-2012,83,526,28,135,10,21,99,3,5,3,12,5,0,0,0,0,0,0,0,819,64,0,Current Non-Loyal Customer,819,20,Negative
9988,1976,Master,Single,70379.0,0,1,03-03-2013,84,553,25,142,65,67,8,3,6,3,13,4,0,0,0,0,0,0,0,860,48,0,Current Non-Loyal Customer,860,22,Negative
2939,1970,Master,Together,79419.0,0,0,22-06-2014,96,751,127,687,20,15,31,1,4,6,4,2,0,0,0,0,0,0,0,1631,54,0,Current Non-Loyal Customer,1631,14,Negative
2005,1990,Graduation,Married,35765.0,1,0,11-12-2013,86,22,3,30,0,5,15,2,2,0,4,6,0,0,0,0,0,0,0,75,34,0,Current Non-Loyal Customer,75,6,Negative
3594,1973,Master,Married,54108.0,1,1,05-11-2012,74,539,6,91,8,6,97,13,8,2,9,8,0,0,0,0,0,0,0,747,51,0,Current Non-Loyal Customer,747,19,Negative
9,1975,Master,Single,46098.0,1,1,18-08-2012,86,57,0,27,0,0,36,4,3,2,2,8,0,0,0,0,0,0,0,120,49,0,Current Non-Loyal Customer,120,7,Negative
9451,1965,Graduation,Married,73538.0,0,1,25-11-2012,92,811,76,428,99,137,107,3,10,4,9,7,0,0,0,0,0,0,0,1658,59,0,Current Non-Loyal Customer,1658,23,Negative
2853,1980,Graduation,Single,51766.0,1,0,11-03-2014,74,60,51,87,6,20,51,2,4,2,4,5,0,0,0,0,0,0,0,275,44,0,Current Non-Loyal Customer,275,10,Negative
1490,1962,Graduation,Married,55759.0,0,1,28-11-2012,84,675,0,85,10,7,77,5,10,3,8,8,0,0,0,0,0,0,0,854,62,0,Current Non-Loyal Customer,854,21,Negative
1998,1976,Graduation,Single,37697.0,1,0,07-02-2014,82,34,6,21,11,4,8,1,2,1,3,6,0,0,0,0,0,0,0,84,48,0,Current Non-Loyal Customer,84,6,Negative
2804,1975,Master,Single,46098.0,1,1,18-08-2012,86,57,0,27,0,0,36,4,3,2,2,8,0,0,0,0,0,0,1,120,49,0,Current Non-Loyal Customer,120,7,Negative
9771,1988,2n Cycle,Single,23331.0,1,0,05-10-2012,97,104,20,101,24,15,5,6,5,1,5,9,0,0,0,0,0,0,0,269,36,0,Current Non-Loyal Customer,269,11,Negative
528,1978,Graduation,Married,65819.0,0,0,29-11-2012,99,267,38,701,149,165,63,1,5,4,10,3,0,0,0,0,0,0,0,1383,46,0,Current Non-Loyal Customer,1383,19,Negative
73,1953,PhD,Single,51411.0,1,2,26-05-2013,81,14,0,3,0,0,1,1,0,0,3,5,0,0,0,0,0,0,0,18,71,0,Current Non-Loyal Customer,18,3,Negative
5589,1964,Graduation,Divorced,51983.0,0,1,31-08-2012,95,631,0,115,10,7,30,3,9,2,10,7,0,0,0,0,0,0,0,793,60,0,Current Non-Loyal Customer,793,21,Negative
591,1957,Graduation,Widow,66033.0,0,1,20-01-2013,76,293,35,179,46,59,65,2,8,3,7,7,0,0,0,0,0,0,0,677,67,0,Current Non-Loyal Customer,677,18,Negative
7791,1967,Master,Married,37054.0,1,1,15-09-2013,89,12,1,6,0,1,5,2,1,0,3,7,0,0,0,0,0,0,0,25,57,0,Current Non-Loyal Customer,25,4,Negative
955,1962,Master,Together,47175.0,1,1,28-10-2012,81,167,2,44,6,2,19,7,4,2,4,8,1,0,0,0,0,0,1,240,62,1,Current Non-Loyal Customer,240,10,Negative
9916,1954,Graduation,Married,38998.0,1,1,03-11-2012,92,34,1,14,0,0,5,3,2,0,3,8,0,0,0,0,0,1,0,54,70,0,Current Non-Loyal Customer,54,5,Negative
6257,1976,Master,Single,60482.0,0,1,23-01-2013,81,255,43,134,37,14,24,1,7,2,7,7,0,0,0,0,0,0,0,507,48,0,Current Non-Loyal Customer,507,16,Negative
3503,1950,Graduation,Divorced,82460.0,0,0,02-12-2013,78,255,47,573,52,32,15,1,5,3,6,1,0,0,0,0,0,0,0,974,74,0,Current Non-Loyal Customer,974,14,Negative
5223,1966,Master,Together,45903.0,0,1,23-04-2014,80,33,8,10,2,10,3,2,2,1,3,4,0,0,0,0,0,0,0,66,58,0,Current Non-Loyal Customer,66,6,Negative
5185,1955,Graduation,Married,74268.0,0,0,14-02-2013,83,199,66,315,97,174,41,1,4,3,5,2,0,0,0,0,0,0,0,892,69,0,Current Non-Loyal Customer,892,12,Negative
2262,1965,Master,Together,45143.0,0,1,26-08-2013,74,202,5,74,11,5,14,3,6,1,5,7,0,0,0,0,0,0,0,311,59,0,Current Non-Loyal Customer,311,12,Negative
24,1960,Master,Together,17144.0,1,1,15-02-2014,96,18,2,19,0,2,6,5,3,0,4,7,0,0,0,0,0,0,0,47,64,0,Current Non-Loyal Customer,47,7,Negative
6729,1988,Graduation,Single,68655.0,0,0,10-08-2012,95,456,19,832,75,118,38,1,4,5,11,3,0,0,0,0,0,0,0,1538,36,0,Current Non-Loyal Customer,1538,20,Negative
1764,1975,Graduation,Single,33955.0,1,0,09-08-2013,92,100,2,128,23,7,10,4,5,1,5,8,0,0,0,0,0,0,0,270,49,0,Current Non-Loyal Customer,270,11,Negative
3298,1956,Master,Married,52973.0,0,1,08-11-2012,92,856,0,76,12,9,199,7,9,6,9,8,0,0,0,0,0,0,0,1152,68,0,Current Non-Loyal Customer,1152,24,Negative
5120,1982,2n Cycle,Together,66664.0,0,0,25-09-2012,78,398,96,447,220,96,32,1,5,7,6,3,0,0,0,0,0,0,0,1289,42,0,Current Non-Loyal Customer,1289,18,Negative
1834,1978,Master,Single,35544.0,1,0,08-03-2014,77,30,5,23,4,1,4,1,2,0,3,7,0,0,0,0,0,0,0,67,46,0,Current Non-Loyal Customer,67,5,Negative
1404,1968,Graduation,Together,34916.0,2,0,15-05-2013,89,51,23,82,33,0,42,4,5,1,3,9,0,0,0,0,0,0,0,231,56,0,Current Non-Loyal Customer,231,9,Negative
6457,1976,Graduation,Divorced,64892.0,0,1,29-05-2014,77,527,24,230,32,24,65,2,6,4,12,4,0,0,0,0,0,0,0,902,48,0,Current Non-Loyal Customer,902,22,Negative
6437,1985,2n Cycle,Single,41473.0,1,0,19-06-2013,80,21,8,20,15,3,9,1,2,0,3,7,0,0,0,0,0,0,0,76,39,0,Current Non-Loyal Customer,76,5,Negative
5939,1971,Graduation,Together,38232.0,1,1,17-01-2014,84,43,5,28,7,6,33,4,3,1,3,5,0,0,0,0,0,0,0,122,53,0,Current Non-Loyal Customer,122,7,Negative
10323,1952,Graduation,Married,49413.0,0,1,25-10-2013,88,205,7,41,3,2,46,2,4,2,5,5,0,0,0,0,0,0,0,304,72,0,Current Non-Loyal Customer,304,11,Negative
7947,1969,Graduation,Married,42231.0,1,1,25-03-2014,99,24,0,8,0,1,4,1,1,0,3,5,0,0,0,0,0,0,0,37,55,0,Current Non-Loyal Customer,37,4,Negative
295,1989,Graduation,Single,81217.0,0,0,19-07-2013,77,493,70,324,146,40,84,1,3,7,11,1,0,0,0,0,0,0,0,1157,35,0,Current Non-Loyal Customer,1157,21,Negative
550,1952,Graduation,Divorced,62335.0,0,1,23-05-2013,87,243,131,217,85,6,26,2,3,3,13,2,0,0,0,0,0,0,0,708,72,0,Current Non-Loyal Customer,708,19,Negative
1890,1971,2n Cycle,Together,42033.0,1,1,19-09-2012,95,11,1,4,2,0,7,1,1,0,2,7,0,0,0,0,0,0,0,25,53,0,Current Non-Loyal Customer,25,3,Negative
4676,1951,Master,Widow,73705.0,0,2,05-03-2014,86,612,91,520,258,107,107,2,9,6,8,5,0,0,0,0,0,0,0,1695,73,0,Current Non-Loyal Customer,1695,23,Negative
8852,1976,Graduation,Married,61064.0,0,1,31-08-2012,80,387,126,342,0,45,180,5,8,4,11,6,0,0,0,0,0,0,0,1080,48,0,Current Non-Loyal Customer,1080,23,Negative
1958,1973,PhD,Together,55012.0,0,1,21-03-2014,85,582,0,65,0,0,13,6,8,2,9,5,0,0,0,0,0,0,0,660,51,0,Current Non-Loyal Customer,660,19,Negative
7732,1978,Graduation,Married,64813.0,1,0,02-01-2014,81,293,0,124,179,97,52,1,7,2,10,5,0,0,0,0,0,0,0,745,46,0,Current Non-Loyal Customer,745,19,Negative
8070,1973,PhD,Married,54222.0,0,1,01-03-2014,98,199,12,31,3,12,7,1,3,3,5,3,0,0,0,0,0,0,0,264,51,0,Current Non-Loyal Customer,264,11,Negative
2202,1978,Graduation,Together,41154.0,0,1,09-04-2013,98,44,2,11,2,3,7,1,1,0,4,5,0,0,0,0,0,0,0,69,46,0,Current Non-Loyal Customer,69,5,Negative
10091,1956,Graduation,Single,60230.0,0,1,20-05-2013,78,520,20,367,39,81,40,2,6,3,6,5,0,0,0,0,0,0,0,1067,68,0,Current Non-Loyal Customer,1067,15,Negative
4351,1955,Graduation,Divorced,37244.0,1,1,27-04-2013,90,18,2,10,0,0,25,1,1,1,2,7,1,0,0,0,0,0,0,55,69,1,Current Non-Loyal Customer,55,4,Negative
48,1964,Graduation,Together,55761.0,0,1,24-04-2014,97,136,1,12,0,3,32,2,4,1,3,6,0,1,0,0,0,0,0,184,60,1,Potential Customer,184,8,Negative
9710,1969,PhD,Divorced,58086.0,0,1,20-01-2013,80,708,7,62,0,0,15,2,11,3,7,8,0,0,0,0,0,0,0,792,55,0,Current Non-Loyal Customer,792,21,Negative
9292,1952,Graduation,Married,81795.0,0,0,26-10-2012,74,324,132,693,27,118,88,1,4,11,7,2,0,0,0,0,0,0,0,1382,72,0,Current Non-Loyal Customer,1382,22,Negative
5847,1969,Graduation,Divorced,69901.0,0,1,29-05-2013,95,312,21,206,102,92,149,3,7,3,10,5,0,0,0,0,0,0,0,882,55,0,Current Non-Loyal Customer,882,20,Negative
3798,1968,Graduation,Married,41120.0,1,1,06-11-2013,80,24,2,23,0,8,24,3,2,1,3,6,0,0,0,0,0,0,0,81,56,0,Current Non-Loyal Customer,81,6,Negative
5883,1972,Graduation,Married,77981.0,1,0,26-05-2013,78,138,120,204,16,126,60,3,7,4,7,5,0,0,0,0,0,0,0,664,52,0,Current Non-Loyal Customer,664,18,Negative
7592,1946,PhD,Married,51012.0,0,0,18-04-2013,86,102,9,63,2,9,24,1,4,1,4,6,0,0,0,0,0,0,0,209,78,0,Current Non-Loyal Customer,209,9,Negative
7433,1985,Graduation,Single,29760.0,1,0,29-08-2012,87,64,4,68,7,5,17,4,3,1,4,8,0,0,0,0,0,0,0,165,39,0,Current Non-Loyal Customer,165,8,Negative
9645,1968,Graduation,Married,64590.0,0,0,14-10-2012,98,920,138,168,36,46,30,1,9,4,10,6,0,0,0,0,0,0,0,1338,56,0,Current Non-Loyal Customer,1338,23,Negative
10678,1959,Graduation,Together,71232.0,0,1,28-11-2013,91,653,17,170,34,26,17,2,11,2,10,7,0,0,0,0,0,0,0,917,65,0,Current Non-Loyal Customer,917,23,Negative
1250,1976,Graduation,Single,37697.0,1,0,07-02-2014,82,34,6,21,11,4,8,1,2,1,3,6,0,0,0,0,0,0,0,84,48,0,Current Non-Loyal Customer,84,6,Negative
2952,1977,Master,Single,36273.0,1,0,16-04-2014,80,29,3,30,3,2,9,2,3,0,3,6,0,0,0,0,0,0,0,76,47,0,Current Non-Loyal Customer,76,6,Negative
2831,1976,Graduation,Together,78416.0,0,1,27-06-2014,99,453,38,279,188,38,183,2,7,7,10,3,0,0,0,0,0,0,0,1179,48,0,Current Non-Loyal Customer,1179,24,Negative
6289,1951,Master,Together,59385.0,1,1,28-04-2013,85,135,0,10,0,4,36,2,3,1,4,5,0,0,0,0,0,0,0,185,73,0,Current Non-Loyal Customer,185,8,Negative
8397,1951,Graduation,Married,44689.0,1,1,10-01-2014,82,18,0,5,0,0,11,2,1,1,2,7,1,0,0,0,0,0,0,34,73,1,Current Non-Loyal Customer,34,4,Negative
6237,1966,PhD,Single,7144.0,0,2,07-12-2013,92,81,4,33,5,2,291,0,23,1,1,0,0,0,0,0,0,0,0,416,58,0,Current Non-Loyal Customer,416,25,Negative
10307,1956,Graduation,Married,50387.0,0,2,31-08-2013,91,369,9,87,12,14,34,3,6,2,8,5,0,0,0,0,0,0,0,525,68,0,Current Non-Loyal Customer,525,16,Negative
1440,1978,2n Cycle,Together,52513.0,0,0,04-09-2012,84,367,17,241,104,188,232,2,9,5,9,7,0,0,0,0,0,0,0,1149,46,0,Current Non-Loyal Customer,1149,23,Negative
5441,1965,PhD,Widow,54111.0,0,1,25-08-2013,97,267,6,54,8,3,50,2,5,2,6,5,0,0,0,0,0,0,0,388,59,0,Current Non-Loyal Customer,388,13,Negative
4687,1958,Master,Married,80739.0,0,0,23-05-2013,92,674,92,736,39,0,92,1,3,11,9,1,0,0,0,0,0,0,0,1633,66,0,Current Non-Loyal Customer,1633,23,Negative
3170,1957,Master,Together,68148.0,0,0,31-08-2013,86,389,66,408,37,57,85,1,4,4,6,2,0,0,0,0,0,0,0,1042,67,0,Current Non-Loyal Customer,1042,14,Negative
6710,1951,Master,Single,58217.0,2,1,17-11-2012,84,68,1,13,3,5,13,1,2,0,4,6,0,0,0,0,0,0,0,103,73,0,Current Non-Loyal Customer,103,6,Negative
8602,1964,Graduation,Divorced,69932.0,0,1,12-06-2013,97,412,172,153,150,105,57,2,7,6,11,4,0,0,0,0,0,0,0,1049,60,0,Current Non-Loyal Customer,1049,24,Negative
3722,1972,Graduation,Single,44503.0,1,1,16-04-2014,83,31,1,8,0,0,8,2,2,0,3,6,0,0,0,0,0,0,0,48,52,0,Current Non-Loyal Customer,48,5,Negative
3426,1975,Graduation,Divorced,70300.0,1,0,15-07-2013,89,1045,61,338,60,46,46,3,5,5,13,8,0,0,0,0,0,0,0,1596,49,0,Current Non-Loyal Customer,1596,23,Negative
2961,1982,Graduation,Married,42081.0,1,0,26-02-2013,86,175,10,110,54,6,27,2,6,3,4,6,1,0,0,0,0,0,0,382,42,1,Current Non-Loyal Customer,382,13,Negative
2747,1988,PhD,Married,67546.0,0,0,31-08-2012,90,864,134,768,150,38,172,1,4,10,5,3,0,0,0,0,0,0,0,2126,36,0,Current Non-Loyal Customer,2126,19,Negative
1743,1974,Graduation,Single,69719.0,0,0,26-05-2014,99,273,86,208,177,14,43,1,2,3,5,1,0,0,0,0,0,0,0,801,50,0,Current Non-Loyal Customer,801,10,Negative
5896,1987,Master,Married,73395.0,0,0,18-03-2014,94,272,7,80,20,7,11,1,4,4,6,2,0,0,0,0,0,0,0,397,37,0,Current Non-Loyal Customer,397,14,Negative
17,1971,PhD,Married,60491.0,0,1,06-09-2013,81,637,47,237,12,19,76,4,6,11,7,5,0,0,0,0,0,0,0,1028,53,0,Current Non-Loyal Customer,1028,24,Negative
6417,1971,Master,Together,80573.0,0,0,14-10-2012,85,829,138,430,60,92,15,1,4,6,13,2,0,0,0,0,0,0,0,1564,53,0,Current Non-Loyal Customer,1564,23,Negative
4385,1981,PhD,Single,36038.0,1,0,31-05-2013,82,23,0,15,0,2,7,2,3,0,3,6,0,0,0,0,0,0,0,47,43,0,Current Non-Loyal Customer,47,6,Negative
7966,1959,Graduation,Single,80982.0,1,1,08-01-2013,48,505,137,401,104,22,22,3,11,5,11,5,0,0,0,0,0,1,0,1191,65,0,Current Loyal Customer,1191,27,Negative
5734,1974,PhD,Married,61917.0,1,1,20-11-2013,83,46,4,36,2,2,1,1,2,0,4,5,0,0,0,0,0,0,0,91,50,0,Current Non-Loyal Customer,91,6,Negative
2878,1947,PhD,Married,67472.0,0,1,28-09-2013,93,162,31,127,8,17,69,2,4,2,7,3,0,0,0,0,0,0,0,414,77,0,Current Non-Loyal Customer,414,13,Negative
5015,1976,Master,Married,34529.0,1,0,14-09-2012,94,68,6,38,3,6,41,2,2,2,3,7,0,0,0,0,0,0,0,162,48,0,Current Non-Loyal Customer,162,7,Negative
10868,1951,Graduation,Widow,70792.0,0,0,06-02-2013,82,344,45,654,104,11,114,2,3,4,10,3,0,0,0,0,0,0,0,1272,73,0,Current Non-Loyal Customer,1272,17,Negative
6663,1940,PhD,Single,51141.0,0,0,08-07-2013,96,144,0,7,0,0,6,1,3,1,4,5,0,0,0,0,0,0,0,157,84,0,Current Non-Loyal Customer,157,8,Negative
8360,1971,2n Cycle,Married,54690.0,1,1,07-11-2013,76,111,16,37,7,9,18,3,3,1,5,3,0,0,0,0,0,0,0,198,53,0,Current Non-Loyal Customer,198,9,Negative
3032,1984,Graduation,Married,24570.0,1,0,27-02-2013,97,28,34,62,11,14,44,3,4,0,4,9,0,0,0,0,0,0,0,193,40,0,Current Non-Loyal Customer,193,8,Negative
8212,1971,Master,Married,39791.0,0,1,28-03-2013,89,85,15,27,13,13,21,2,3,1,4,7,0,0,0,0,0,0,0,174,53,0,Current Non-Loyal Customer,174,8,Negative
832,1966,PhD,Together,65814.0,0,1,02-03-2014,90,561,14,113,10,14,35,3,8,2,10,5,0,0,0,0,0,0,0,747,58,0,Current Non-Loyal Customer,747,20,Negative
2002,1958,Graduation,Divorced,71964.0,0,0,20-05-2013,81,587,51,932,180,34,86,1,5,6,5,3,0,0,0,0,0,0,0,1870,66,0,Current Non-Loyal Customer,1870,16,Negative
1951,1981,Basic,Married,34445.0,0,0,27-01-2013,92,228,122,122,208,129,30,6,11,2,8,9,0,0,0,0,0,0,0,839,43,0,Current Non-Loyal Customer,839,21,Negative
983,1984,Graduation,Married,40059.0,1,0,28-09-2013,82,110,29,92,28,10,145,1,6,2,3,8,1,0,0,0,0,0,0,414,40,1,Current Non-Loyal Customer,414,11,Negative
4786,1977,Graduation,Married,75330.0,1,1,04-10-2012,94,555,82,257,93,61,61,4,10,3,12,6,0,0,0,0,0,0,0,1109,47,0,Current Non-Loyal Customer,1109,25,Negative
6568,1984,Graduation,Married,38680.0,1,0,28-03-2013,97,11,0,36,15,5,12,1,2,0,3,7,0,0,0,0,0,0,0,79,40,0,Current Non-Loyal Customer,79,5,Negative
5631,1991,Graduation,Single,49767.0,0,0,02-05-2013,92,202,47,197,55,42,149,1,5,4,8,4,0,0,0,0,0,0,0,692,33,0,Current Non-Loyal Customer,692,17,Negative
4974,1970,Graduation,Single,83273.0,1,2,25-09-2012,98,433,89,650,16,102,102,10,4,6,9,7,0,0,0,0,0,0,0,1392,54,0,Current Non-Loyal Customer,1392,19,Negative
5454,1979,Master,Married,45057.0,1,0,01-12-2013,80,37,0,7,3,0,3,1,2,0,3,5,0,0,0,0,0,0,0,50,45,0,Current Non-Loyal Customer,50,5,Negative
4095,1971,Graduation,Married,37150.0,1,0,11-09-2012,80,167,37,64,49,34,116,8,4,3,6,7,0,0,0,0,0,0,0,467,53,0,Current Non-Loyal Customer,467,13,Negative
5474,1970,Graduation,Single,43020.0,1,0,30-11-2013,79,45,7,99,4,25,43,3,4,1,4,6,0,0,0,0,0,0,0,223,54,0,Current Non-Loyal Customer,223,9,Negative
6382,1953,Graduation,Together,48794.0,1,1,26-06-2014,97,25,0,11,3,0,15,1,1,0,3,4,0,0,0,0,0,0,0,54,71,0,Current Non-Loyal Customer,54,4,Negative
7441,1973,Graduation,Divorced,71128.0,1,0,06-10-2012,80,958,159,447,20,0,31,3,2,10,12,7,0,0,0,0,0,0,0,1615,51,0,Current Non-Loyal Customer,1615,24,Negative
8775,1969,Graduation,Together,38361.0,1,0,27-12-2013,74,39,0,56,20,8,14,3,3,1,3,7,0,0,0,0,0,0,0,137,55,0,Current Non-Loyal Customer,137,7,Negative
1612,1981,PhD,Single,,1,0,31-05-2013,82,23,0,15,0,2,7,2,3,0,3,6,0,0,0,0,0,0,0,47,43,0,Current Non-Loyal Customer,47,6,Negative
322,1978,Graduation,Together,42554.0,1,1,12-01-2013,93,29,1,11,0,0,0,2,2,0,3,4,0,0,0,0,0,0,0,41,46,0,Current Non-Loyal Customer,41,5,Negative
123,1951,Graduation,Widow,67046.0,0,1,06-01-2013,92,544,35,133,23,151,107,2,4,5,4,2,0,0,0,0,0,0,0,993,73,0,Current Non-Loyal Customer,993,13,Negative
10500,1984,Graduation,Married,31761.0,1,0,05-04-2014,96,19,1,20,16,14,28,2,3,0,4,5,0,0,0,0,0,0,0,98,40,0,Current Non-Loyal Customer,98,7,Negative
2712,1956,Graduation,Married,71866.0,0,1,25-12-2013,85,184,178,178,103,39,33,1,6,3,10,3,0,0,0,0,0,0,0,715,68,0,Current Non-Loyal Customer,715,19,Negative
2254,1983,Graduation,Married,69520.0,0,0,07-07-2013,95,627,120,414,121,80,93,1,9,6,5,5,0,0,0,0,0,0,0,1455,41,0,Current Non-Loyal Customer,1455,20,Negative
5079,1971,Graduation,Married,,1,1,03-03-2013,82,71,1,16,0,0,9,4,2,1,3,8,0,0,0,0,0,0,0,97,53,0,Current Non-Loyal Customer,97,6,Negative
10339,1954,Master,Together,,0,1,23-06-2013,83,161,0,22,0,0,24,2,4,1,4,6,0,0,0,0,0,0,0,207,70,0,Current Non-Loyal Customer,207,9,Negative
3117,1955,Graduation,Single,,0,1,18-10-2013,95,264,0,21,12,6,147,3,6,1,5,7,0,0,0,0,0,0,0,450,69,0,Current Non-Loyal Customer,450,12,Negative
11031,1950,PhD,Married,48699.0,1,1,21-05-2013,90,26,1,10,2,0,1,1,1,0,3,5,0,0,0,0,0,0,0,40,74,0,Current Non-Loyal Customer,40,4,Negative
1916,1954,Master,Married,45736.0,0,1,24-07-2013,92,188,3,180,20,3,43,5,7,1,6,7,0,0,0,0,0,0,0,437,70,0,Current Non-Loyal Customer,437,14,Negative
9907,1969,Master,Together,66476.0,0,1,04-12-2013,80,742,28,152,25,9,57,2,6,8,10,4,0,0,0,0,0,0,0,1013,55,0,Current Non-Loyal Customer,1013,24,Negative
6262,1962,Master,Single,72217.0,0,0,10-04-2013,93,816,42,450,55,56,154,1,3,10,8,2,0,0,0,0,0,0,0,1573,62,0,Current Non-Loyal Customer,1573,21,Negative
4915,1956,2n Cycle,Married,53230.0,0,1,03-08-2012,86,176,72,98,136,21,229,4,5,2,12,5,0,0,0,0,0,0,0,732,68,0,Current Non-Loyal Customer,732,19,Negative
11181,1949,PhD,Married,156924.0,0,0,29-08-2013,85,2,1,2,1,1,1,0,0,0,0,0,0,0,0,0,0,0,0,8,75,0,Current Non-Loyal Customer,8,0,Negative
2948,1954,Master,Divorced,62637.0,0,1,01-03-2014,76,104,12,48,4,12,5,1,2,2,5,2,0,0,0,0,0,0,0,185,70,0,Current Non-Loyal Customer,185,9,Negative
9481,1976,Graduation,Married,17148.0,1,0,28-01-2014,80,9,9,11,13,10,16,4,3,1,3,8,0,0,0,0,0,0,0,68,48,0,Current Non-Loyal Customer,68,7,Negative
10157,1965,Graduation,Single,59686.0,0,1,25-01-2014,78,89,15,89,34,42,5,1,4,1,6,4,0,0,0,0,0,0,0,274,59,0,Current Non-Loyal Customer,274,11,Negative
5667,1964,PhD,Married,60896.0,0,1,11-10-2012,90,1013,30,399,60,46,153,3,9,10,4,6,0,0,0,0,0,0,1,1701,60,0,Current Non-Loyal Customer,1701,23,Negative
902,1980,Graduation,Together,62994.0,1,0,04-03-2014,74,224,12,48,4,12,12,1,6,2,4,6,0,0,0,0,0,0,0,312,44,0,Current Non-Loyal Customer,312,12,Negative
4541,1955,Graduation,Together,38946.0,0,1,24-10-2013,84,116,6,82,6,6,41,2,3,1,6,5,0,0,0,0,0,0,0,257,69,0,Current Non-Loyal Customer,257,10,Negative
3266,1964,Graduation,Married,42523.0,0,0,23-04-2014,96,14,36,11,3,26,35,1,1,1,4,2,0,0,0,0,0,0,0,125,60,0,Current Non-Loyal Customer,125,6,Negative
2736,1978,Graduation,Married,73807.0,0,1,02-01-2013,88,366,124,156,71,78,54,2,5,5,11,2,0,0,0,0,0,0,0,849,46,0,Current Non-Loyal Customer,849,21,Negative
5959,1968,Graduation,Single,35893.0,1,1,15-10-2012,80,158,0,23,0,0,18,6,3,1,5,8,0,0,0,0,0,0,0,199,56,0,Current Non-Loyal Customer,199,9,Negative
692,1954,Graduation,Together,36807.0,1,1,20-12-2012,88,4,2,5,0,0,5,1,1,0,2,6,0,0,0,0,0,0,0,16,70,0,Current Non-Loyal Customer,16,3,Negative
6261,1979,Graduation,Married,58025.0,0,1,26-11-2013,81,270,31,88,11,48,22,3,3,2,10,4,0,0,0,0,0,0,0,470,45,0,Current Non-Loyal Customer,470,15,Negative
4478,1979,Graduation,Married,63777.0,1,1,24-03-2013,87,457,5,106,15,17,53,8,11,1,6,8,0,0,0,0,0,0,0,653,45,0,Current Non-Loyal Customer,653,18,Negative
